{"cameraMode":{"drawMode":0,"name":"Shaded","section":"Shading Mode"},"sceneLighting":false,"audioPlay":false,"sceneViewState":{"m_AlwaysRefresh":false,"showFog":true,"showSkybox":false,"showFlares":true,"showImageEffects":true,"showParticleSystems":true,"showVisualEffectGraphs":true,"m_FxEnabled":true},"in2DMode":false,"pivot":{"x":107.23284912109375,"y":174.64630126953126,"z":-32.874267578125},"rotation":{"x":-0.0013235093792900444,"y":-0.9948471784591675,"z":0.10063174366950989,"w":-0.013140754774212838},"size":315.1055603027344,"orthographic":false}