{"cameraMode":{"drawMode":0,"name":"Shaded","section":"Shading Mode"},"sceneLighting":true,"audioPlay":false,"sceneViewState":{"m_AlwaysRefresh":false,"showFog":true,"showSkybox":true,"showFlares":true,"showImageEffects":true,"showParticleSystems":true,"showVisualEffectGraphs":true,"m_FxEnabled":true},"in2DMode":false,"pivot":{"x":30.640811920166017,"y":-13.247695922851563,"z":23.318130493164064},"rotation":{"x":0.25531432032585146,"y":-0.6614269614219666,"z":0.2571570575237274,"w":0.656672477722168},"size":23.680809020996095,"orthographic":false}